signal,name,auroc_detection,auroc_failure
probe_score,Activation Probe,0.9998647917793402,0.13095238095238096
logprob_uncertainty,Logprob Uncertainty,0.4808004326663061,0.29166666666666663
peak_entropy,Peak Entropy,0.5730462412114656,0.5476190476190477
mean_vocab_gap,Vocab Gap (mean),0.5375202812330989,0.7559523809523809
